0 |[(9, 1), (10, 1), (13, 1), (14, 1), (15, 1), (17, 1), (18, 1)]|
00255 |[(15, 1)]|
00318 |[(14, 1)]|
007_et_l_me_h |[(10, 1)]|
02 |[(12, 1)]|
08 |[(13, 1)]|
1 |[(0, 1), (1, 1), (2, 1), (4, 1), (6, 1), (10, 1), (11, 1), (13, 1), (14, 1), (15, 1), (16, 1), (17, 1), (18, 1)]|
10 |[(10, 1), (11, 1), (13, 1), (14, 1), (15, 1), (16, 1), (17, 1), (18, 1)]|
100 |[(4, 1), (6, 1), (10, 1)]|
11 |[(6, 1), (10, 1), (12, 1), (13, 1), (16, 1)]|
115 |[(10, 1)]|
12 |[(12, 1), (13, 1)]|
120 |[(0, 1), (1, 1), (2, 1)]|
128x128 |[(7, 1)]|
1300 |[(13, 1)]|
131 |[(10, 1)]|
14 |[(14, 1), (15, 1), (16, 1), (17, 1), (18, 1)]|
15 |[(10, 1)]|
150000 |[(10, 1)]|
16 |[(14, 1), (15, 1), (17, 1), (18, 1)]|
180 |[(10, 1)]|
185 |[(10, 1)]|
199 |[(16, 1)]|
1998 |[(16, 1)]|
1999 |[(11, 1)]|
2 |[(0, 1), (1, 1), (2, 1), (6, 1), (10, 1), (11, 1), (13, 1), (14, 1), (15, 1), (17, 1), (18, 1)]|
20 |[(10, 1), (13, 1)]|
2000 |[(7, 1)]|
2001 |[(16, 1)]|
2003 |[(16, 1)]|
2004 |[(4, 1)]|
2005 |[(4, 1)]|
2006 |[(4, 1), (5, 1), (6, 1), (7, 1), (8, 1)]|
2013 |[(10, 1), (12, 1), (13, 1)]|
2014 |[(10, 1), (13, 1)]|
2015 |[(12, 1)]|
211 |[(12, 1)]|
213 |[(13, 1)]|
225 |[(12, 1)]|
23 |[(12, 1)]|
231 |[(4, 1)]|
24 |[(12, 1), (13, 1)]|
240 |[(4, 1)]|
25 |[(16, 1)]|
25th |[(4, 1), (6, 1)]|
270 |[(10, 1)]|
28 |[(11, 1)]|
2k |[(14, 1), (15, 1), (17, 1), (18, 1)]|
3 |[(0, 1), (1, 1), (2, 1), (4, 1), (6, 1), (10, 1), (11, 1), (14, 1), (15, 1), (17, 1), (18, 1)]|
30 |[(10, 1)]|
300 |[(10, 1)]|
31 |[(10, 1)]|
3110 |[(10, 1)]|
33 |[(4, 1), (6, 1)]|
360 |[(13, 1)]|
37730 |[(10, 1)]|
397 |[(10, 1)]|
4 |[(10, 1), (13, 1), (14, 1), (15, 1), (17, 1), (18, 1)]|
42939 |[(13, 1)]|
46 |[(10, 1), (12, 1)]|
460 |[(10, 1)]|
462 |[(10, 1)]|
472 |[(16, 1)]|
477 |[(10, 1)]|
48 |[(13, 1)]|
49 |[(12, 1)]|
5 |[(6, 1), (10, 1), (11, 1), (13, 1), (16, 1)]|
5000 |[(11, 1)]|
51 |[(10, 1), (16, 1)]|
52 |[(16, 1)]|
53 |[(14, 1), (15, 1), (17, 1), (18, 1)]|
571 |[(13, 1)]|
58509 |[(12, 1)]|
5v |[(10, 1)]|
6 |[(0, 1), (1, 1), (2, 1), (10, 1), (14, 1), (15, 1), (17, 1), (18, 1)]|
60 |[(10, 1), (13, 1), (16, 1)]|
61516 |[(12, 1)]|
64x64 |[(7, 1)]|
6pm |[(0, 1), (1, 1), (2, 1)]|
6th |[(4, 1)]|
7 |[(11, 1), (13, 1), (14, 1), (15, 1), (17, 1), (18, 1)]|
76606 |[(11, 1)]|
77 |[(4, 1), (6, 1)]|
7pm |[(0, 1), (1, 1), (2, 1)]|
8 |[(10, 1)]|
80 |[(13, 1), (14, 1), (15, 1), (17, 1), (18, 1)]|
9 |[(13, 1)]|
931 |[(13, 1)]|
96 |[(10, 1)]|
989818 |[(11, 1)]|
99 |[(16, 1)]|
a |[(0, 1), (1, 1), (2, 1), (5, 1), (6, 1), (7, 1), (8, 1), (9, 1), (10, 1), (11, 1), (12, 1), (13, 1), (16, 1)]|
abdelwah |[(4, 1), (6, 1)]|
about |[(0, 1), (1, 1), (2, 1), (10, 1), (11, 1), (12, 1), (13, 1), (16, 1)]|
abov |[(6, 1)]|
abstract |[(6, 1), (10, 1), (11, 1), (12, 1), (13, 1)]|
academia |[(0, 1), (1, 1), (2, 1)]|
accord |[(6, 1), (13, 1)]|
ace |[(3, 1), (4, 1), (5, 1), (6, 1), (7, 1), (8, 1), (9, 1)]|
acquir |[(10, 1), (13, 1)]|
actual |[(13, 1)]|
actuat |[(10, 1)]|
ada |[(16, 1)]|
adapt |[(10, 1)]|
addit |[(10, 1)]|
address |[(16, 1)]|
administr |[(11, 1)]|
admiss |[(16, 1)]|
advisor |[(0, 1), (1, 1), (2, 1)]|
after |[(10, 1)]|
agar |[(13, 1)]|
age |[(16, 1)]|
ahb |[(7, 1)]|
ai |[(0, 1), (1, 1), (2, 1)]|
aiatuci |[(0, 1), (1, 1), (2, 1)]|
air |[(10, 1), (11, 1)]|
al |[(13, 1)]|
alderi |[(3, 1), (4, 1), (5, 1), (6, 1), (7, 1), (8, 1), (9, 1)]|
alderis_1 |[(9, 1)]|
alderis_examples_1 |[(9, 1)]|
alderson |[(0, 1), (1, 1), (2, 1)]|
alexand |[(0, 1), (1, 1), (2, 1), (10, 1), (12, 1)]|
algorithm |[(16, 1)]|
all |[(0, 1), (1, 1), (2, 1), (3, 1), (4, 1), (5, 1), (6, 1), (7, 1), (8, 1), (9, 1), (10, 1), (11, 1), (12, 1), (13, 1), (16, 1)]|
allow |[(5, 1), (7, 1), (8, 1)]|
almuni |[(0, 1), (1, 1), (2, 1)]|
along |[(10, 1)]|
also |[(3, 1), (5, 1), (8, 1), (10, 1)]|
altogeth |[(13, 1)]|
am |[(12, 1)]|
amba |[(3, 1), (4, 1), (5, 1), (6, 1), (7, 1), (8, 1), (9, 1)]|
ambigu |[(7, 1)]|
ami |[(0, 1), (1, 1), (2, 1)]|
among |[(0, 1), (1, 1), (2, 1), (13, 1), (16, 1)]|
amount |[(16, 1)]|
an |[(5, 1), (7, 1), (8, 1), (10, 1), (11, 1), (12, 1), (13, 1), (16, 1)]|
analysi |[(3, 1), (4, 1), (5, 1), (6, 1), (7, 1), (8, 1), (9, 1)]|
analyt |[(0, 1), (1, 1), (2, 1)]|
analyz |[(3, 1), (7, 1)]|
and |[(0, 1), (1, 1), (2, 1), (3, 1), (4, 1), (5, 1), (6, 1), (7, 1), (8, 1), (9, 1), (10, 1), (11, 1), (12, 1), (13, 1), (16, 1)]|
andrew |[(0, 1), (1, 1), (2, 1)]|
angel |[(5, 1), (7, 1), (8, 1)]|
angewandt |[(12, 1)]|
ani |[(6, 1), (7, 1), (11, 1)]|
anonym |[(11, 1)]|
anoth |[(10, 1)]|
anthoni |[(0, 1), (1, 1), (2, 1)]|
apach |[(14, 1), (15, 1), (17, 1), (18, 1)]|
appli |[(12, 1)]|
applic |[(0, 1), (1, 1), (2, 1), (4, 1), (5, 1), (6, 1), (8, 1), (16, 1)]|
approach |[(13, 1)]|
approxim |[(0, 1), (1, 1), (2, 1), (16, 1)]|
apriori |[(16, 1)]|
architectur |[(4, 1), (6, 1)]|
archiv |[(14, 1), (15, 1), (17, 1), (18, 1)]|
are |[(0, 1), (1, 1), (2, 1), (3, 1), (4, 1), (5, 1), (6, 1), (7, 1), (8, 1), (10, 1), (11, 1), (12, 1), (13, 1), (16, 1)]|
area |[(0, 1), (1, 1), (2, 1), (10, 1), (11, 1), (12, 1), (13, 1)]|
array |[(10, 1)]|
arrow |[(5, 1), (8, 1)]|
artifici |[(0, 1), (1, 1), (2, 1)]|
as |[(5, 1), (6, 1), (7, 1), (8, 1), (9, 1), (10, 1), (11, 1), (16, 1)]|
aspect |[(6, 1)]|
assign |[(6, 1)]|
associ |[(10, 1), (11, 1), (12, 1), (13, 1), (16, 1)]|
at |[(0, 1), (1, 1), (2, 1), (3, 1), (5, 1), (6, 1), (8, 1), (9, 1), (10, 1), (11, 1), (14, 1), (15, 1), (16, 1), (17, 1), (18, 1)]|
attend |[(0, 1), (1, 1), (2, 1)]|
attribut |[(10, 1), (11, 1), (12, 1), (13, 1), (16, 1)]|
automat |[(4, 1), (5, 1), (6, 1), (8, 1), (13, 1), (16, 1)]|
automata |[(5, 1), (6, 1), (8, 1)]|
automatisierungstechnik |[(12, 1)]|
autopilot |[(9, 1)]|
avail |[(5, 1), (8, 1), (10, 1)]|
avali |[(11, 1)]|
averag |[(11, 1)]|
avion |[(6, 1)]|
avoid |[(7, 1)]|
awar |[(4, 1)]|
b |[(10, 1), (13, 1), (16, 1)]|
background |[(6, 1)]|
bacteri |[(13, 1)]|
baptist |[(13, 1)]|
base |[(4, 1), (5, 1), (6, 1), (7, 1), (8, 1), (10, 1), (11, 1), (13, 1)]|
baselin |[(10, 1)]|
bassem |[(16, 1)]|
bathen |[(5, 1), (7, 1), (8, 1)]|
bator |[(12, 1)]|
bay |[(16, 1)]|
bayer |[(12, 1)]|
bb |[(11, 1)]|
bd |[(12, 1)]|
be |[(3, 1), (4, 1), (5, 1), (6, 1), (7, 1), (8, 1), (10, 1), (13, 1), (16, 1)]|
becaus |[(16, 1)]|
been |[(0, 1), (1, 1), (2, 1), (3, 1), (6, 1), (12, 1)]|
befor |[(13, 1)]|
behind |[(6, 1)]|
belong |[(13, 1)]|
below |[(0, 1), (1, 1), (2, 1), (5, 1), (8, 1), (11, 1), (16, 1)]|
benchmark |[(13, 1)]|
berkeley |[(4, 1)]|
better |[(7, 1)]|
bi |[(0, 1), (1, 1), (2, 1)]|
bibtex |[(4, 1), (5, 1), (7, 1), (8, 1)]|
biocircuti |[(10, 1)]|
bioinformat |[(13, 1)]|
biolog |[(0, 1), (1, 1), (2, 1)]|
biomerieux |[(13, 1)]|
biomérieux |[(13, 1)]|
blank |[(13, 1)]|
bloomington |[(16, 1)]|
board |[(11, 1)]|
boe |[(6, 1), (9, 1)]|
bold |[(6, 1), (9, 1)]|
both |[(5, 1), (8, 1), (10, 1)]|
bren |[(5, 1), (8, 1)]|
brett |[(0, 1), (1, 1), (2, 1)]|
broken |[(12, 1)]|
buffer |[(6, 1)]|
bug |[(5, 1), (8, 1)]|
built |[(6, 1), (10, 1)]|
bulletin |[(11, 1)]|
busi |[(11, 1), (16, 1)]|
but |[(11, 1), (13, 1)]|
by |[(0, 1), (1, 1), (2, 1), (3, 1), (4, 1), (5, 1), (6, 1), (7, 1), (8, 1), (10, 1), (11, 1), (12, 1), (13, 1), (16, 1)]|
c |[(4, 1), (6, 1), (10, 1), (11, 1), (13, 1)]|
cach |[(11, 1)]|
cadez |[(11, 1)]|
calcul |[(12, 1)]|
california |[(0, 1), (1, 1), (2, 1), (3, 1), (5, 1), (8, 1), (10, 1)]|
camera |[(5, 1), (7, 1), (8, 1)]|
can |[(3, 1), (5, 1), (7, 1), (8, 1), (10, 1)]|
captur |[(10, 1)]|
carbon |[(10, 1)]|
case |[(6, 1), (7, 1), (9, 1)]|
catch |[(0, 1), (1, 1), (2, 1)]|
categor |[(11, 1)]|
categori |[(11, 1)]|
cec |[(4, 1), (5, 1), (8, 1)]|
censu |[(16, 1)]|
center |[(3, 1), (5, 1), (8, 1), (10, 1), (11, 1), (12, 1), (13, 1), (16, 1)]|
cento |[(14, 1), (15, 1), (17, 1), (18, 1)]|
chair |[(0, 1), (1, 1), (2, 1)]|
chamber |[(10, 1)]|
chang |[(7, 1), (16, 1)]|
channel |[(6, 1)]|
charact |[(10, 1)]|
characterist |[(10, 1), (11, 1), (12, 1), (13, 1)]|
check |[(4, 1), (6, 1)]|
checker |[(3, 1), (4, 1), (5, 1), (6, 1), (8, 1)]|
chee |[(16, 1)]|
chemic |[(10, 1)]|
chemo |[(10, 1)]|
chemoresist |[(10, 1)]|
child |[(16, 1)]|
chip |[(5, 1), (7, 1), (8, 1)]|
chosen |[(16, 1)]|
chri |[(16, 1)]|
christian |[(12, 1)]|
chromatographi |[(10, 1)]|
citat |[(10, 1), (11, 1), (12, 1), (13, 1), (16, 1)]|
cite |[(7, 1), (16, 1)]|
citizen |[(0, 1), (1, 1), (2, 1)]|
claim |[(7, 1)]|
class |[(12, 1)]|
classif |[(0, 1), (1, 1), (2, 1), (10, 1), (12, 1), (13, 1), (16, 1)]|
clean |[(10, 1)]|
click |[(5, 1), (8, 1)]|
clinic |[(13, 1)]|
clock |[(7, 1)]|
cluster |[(11, 1)]|
cml |[(10, 1), (11, 1), (12, 1), (13, 1), (16, 1)]|
co |[(10, 1)]|
colic |[(17, 1)]|
collabor |[(3, 1), (10, 1), (11, 1), (12, 1), (13, 1), (16, 1)]|
coloni |[(13, 1)]|
column |[(10, 1)]|
com |[(0, 1), (1, 1), (2, 1), (11, 1), (13, 1)]|
come |[(11, 1)]|
comment |[(6, 1), (9, 1)]|
commerci |[(10, 1)]|
common |[(5, 1), (8, 1)]|
commun |[(0, 1), (1, 1), (2, 1)]|
comparison |[(4, 1)]|
complet |[(10, 1)]|
complex |[(6, 1)]|
compon |[(4, 1), (5, 1), (6, 1), (8, 1), (12, 1)]|
compos |[(5, 1), (8, 1), (10, 1)]|
composit |[(4, 1), (6, 1)]|
compress |[(7, 1)]|
comput |[(0, 1), (1, 1), (2, 1), (3, 1), (4, 1), (5, 1), (6, 1), (8, 1), (10, 1), (11, 1), (12, 1), (16, 1)]|
concentr |[(10, 1), (13, 1)]|
concret |[(5, 1), (8, 1)]|
condit |[(6, 1), (12, 1)]|
confer |[(4, 1)]|
configur |[(5, 1), (8, 1), (10, 1)]|
connect |[(0, 1), (1, 1), (2, 1)]|
consid |[(13, 1)]|
consist |[(13, 1)]|
consit |[(6, 1)]|
constant |[(10, 1)]|
constantli |[(10, 1)]|
constitut |[(13, 1)]|
constraint |[(0, 1), (1, 1), (2, 1)]|
contact |[(0, 1), (1, 1), (2, 1), (6, 1), (9, 1), (10, 1), (11, 1), (12, 1), (13, 1), (16, 1)]|
contain |[(7, 1), (10, 1)]|
content |[(0, 1), (1, 1), (2, 1)]|
context |[(16, 1)]|
contradict |[(7, 1)]|
contrast |[(16, 1)]|
control |[(10, 1)]|
convert |[(10, 1)]|
copyright |[(0, 1), (1, 1), (2, 1), (3, 1), (4, 1), (5, 1), (6, 1), (7, 1), (8, 1), (9, 1)]|
corba |[(4, 1)]|
corona |[(0, 1), (1, 1), (2, 1)]|
corpor |[(0, 1), (1, 1), (2, 1)]|
correct |[(6, 1), (7, 1)]|
correspond |[(5, 1), (6, 1), (7, 1), (8, 1), (10, 1), (11, 1), (16, 1)]|
could |[(7, 1)]|
couldn |[(0, 1), (1, 1), (2, 1)]|
coupl |[(13, 1)]|
cover |[(0, 1), (1, 1), (2, 1), (4, 1), (5, 1), (7, 1), (8, 1), (13, 1)]|
cpu |[(6, 1)]|
cpu_3 |[(6, 1)]|
creat |[(3, 1), (9, 1), (10, 1)]|
creator |[(10, 1)]|
credit |[(16, 1)]|
cultiv |[(0, 1), (1, 1), (2, 1)]|
cultur |[(13, 1)]|
cup |[(16, 1)]|
cup98lrn |[(16, 1)]|
curiou |[(0, 1), (1, 1), (2, 1)]|
current |[(12, 1)]|
cycl |[(7, 1)]|
d |[(5, 1), (7, 1), (8, 1), (11, 1), (13, 1), (16, 1)]|
data |[(0, 1), (1, 1), (2, 1), (10, 1), (11, 1), (12, 1), (13, 1), (16, 1), (17, 1)]|
databas |[(12, 1), (14, 1), (15, 1), (16, 1), (17, 1), (18, 1)]|
dataset |[(10, 1), (11, 1), (12, 1), (13, 1), (16, 1)]|
date |[(0, 1), (1, 1), (2, 1), (10, 1), (11, 1), (12, 1), (13, 1)]|
david |[(11, 1)]|
day |[(0, 1), (1, 1), (2, 1), (11, 1)]|
de |[(12, 1)]|
deadlock |[(7, 1)]|
decemb |[(4, 1)]|
decomposit |[(12, 1)]|
dedic |[(7, 1), (13, 1)]|
defect |[(12, 1)]|
defin |[(5, 1), (6, 1), (8, 1)]|
delay |[(6, 1)]|
demonstr |[(7, 1)]|
depart |[(16, 1)]|
depend |[(10, 1)]|
deploy |[(6, 1)]|
describ |[(7, 1), (11, 1)]|
descript |[(3, 1), (5, 1), (8, 1), (10, 1), (11, 1), (12, 1), (13, 1)]|
design |[(0, 1), (1, 1), (2, 1), (3, 1), (5, 1), (7, 1), (8, 1), (10, 1)]|
detail |[(6, 1), (10, 1), (11, 1)]|
detect |[(10, 1), (16, 1)]|
determin |[(11, 1)]|
develop |[(0, 1), (1, 1), (2, 1), (5, 1), (8, 1), (9, 1)]|
deviat |[(12, 1)]|
diagnosi |[(12, 1)]|
dick |[(12, 1)]|
did |[(16, 1)]|
diego |[(10, 1)]|
differ |[(6, 1), (10, 1), (12, 1), (16, 1)]|
difficult |[(16, 1)]|
digit |[(5, 1), (7, 1), (8, 1)]|
dimension |[(16, 1)]|
directli |[(4, 1), (5, 1), (8, 1)]|
directori |[(14, 1), (15, 1), (17, 1), (18, 1)]|
disallow |[(7, 1)]|
disciplin |[(0, 1), (1, 1), (2, 1)]|
discov |[(16, 1)]|
discoveri |[(11, 1)]|
discrimin |[(10, 1), (13, 1)]|
displac |[(10, 1)]|
distinct |[(13, 1)]|
distribut |[(3, 1), (4, 1), (5, 1), (6, 1), (7, 1), (8, 1), (9, 1)]|
do |[(4, 1), (6, 1), (7, 1)]|
doc |[(3, 1)]|
doe |[(7, 1)]|
domain |[(4, 1), (5, 1), (6, 1), (8, 1), (18, 1)]|
don |[(0, 1), (1, 1), (2, 1)]|
donald |[(5, 1), (8, 1)]|
donat |[(10, 1), (11, 1), (12, 1), (13, 1), (16, 1)]|
donor |[(10, 1), (12, 1)]|
dot |[(6, 1), (9, 1)]|
dougla |[(4, 1), (6, 1)]|
down |[(10, 1), (12, 1)]|
download |[(3, 1), (4, 1), (5, 1), (6, 1), (7, 1), (8, 1), (9, 1), (10, 1), (11, 1), (12, 1), (13, 1)]|
draft |[(4, 1)]|
dre |[(3, 1), (4, 1), (5, 1), (6, 1), (7, 1), (8, 1), (9, 1)]|
dream |[(3, 1), (4, 1), (5, 1), (6, 1), (7, 1), (8, 1), (9, 1)]|
drive |[(12, 1)]|
driven |[(5, 1), (6, 1), (8, 1)]|
dsml |[(5, 1), (8, 1)]|
due |[(0, 1), (1, 1), (2, 1)]|
durat |[(10, 1)]|
dure |[(11, 1)]|
dutt |[(3, 1), (4, 1), (5, 1), (7, 1), (8, 1)]|
e |[(13, 1)]|
each |[(7, 1), (10, 1), (11, 1), (12, 1), (13, 1)]|
easili |[(7, 1)]|
edu |[(6, 1), (9, 1), (10, 1), (14, 1), (15, 1), (17, 1), (18, 1)]|
eduardo |[(0, 1), (1, 1), (2, 1)]|
effici |[(5, 1), (8, 1)]|
eightpuzzl |[(18, 1)]|
eldch |[(16, 1)]|
eldest |[(16, 1)]|
electr |[(12, 1)]|
element |[(5, 1), (8, 1)]|
elliot |[(0, 1), (1, 1), (2, 1)]|
elsay |[(0, 1), (1, 1), (2, 1)]|
email |[(0, 1), (1, 1), (2, 1)]|
embed |[(3, 1), (4, 1), (5, 1), (6, 1), (7, 1), (8, 1), (9, 1)]|
emd |[(12, 1)]|
emerg |[(5, 1), (8, 1)]|
empir |[(12, 1)]|
emsoft |[(4, 1), (5, 1), (7, 1), (8, 1)]|
enforc |[(7, 1)]|
eng |[(12, 1)]|
ensur |[(6, 1)]|
entir |[(11, 1)]|
environ |[(5, 1), (8, 1), (9, 1), (10, 1)]|
espcial |[(0, 1), (1, 1), (2, 1)]|
estim |[(10, 1), (16, 1)]|
et |[(13, 1)]|
ethylen |[(10, 1)]|
evalu |[(5, 1), (7, 1), (8, 1)]|
even |[(7, 1), (16, 1)]|
event |[(0, 1), (1, 1), (2, 1), (6, 1), (11, 1)]|
exampl |[(6, 1), (7, 1), (9, 1), (10, 1), (11, 1), (16, 1)]|
except |[(6, 1)]|
execut |[(6, 1)]|
exhaust |[(10, 1)]|
experi |[(10, 1)]|
experiment |[(10, 1)]|
explain |[(6, 1)]|
explicitli |[(6, 1)]|
explor |[(13, 1)]|
explos |[(5, 1), (8, 1)]|
expos |[(10, 1)]|
extract |[(12, 1)]|
eyk |[(12, 1)]|
f |[(13, 1)]|
fabian |[(12, 1)]|
facil |[(10, 1)]|
factor |[(16, 1)]|
fake |[(0, 1), (1, 1), (2, 1)]|
fast |[(16, 1)]|
featur |[(12, 1)]|
feedback |[(9, 1)]|
feel |[(6, 1)]|
field |[(13, 1)]|
figaro |[(10, 1)]|
figur |[(5, 1), (6, 1), (8, 1)]|
file |[(10, 1), (16, 1)]|
filenam |[(10, 1)]|
final |[(7, 1), (10, 1)]|
find |[(3, 1), (5, 1), (7, 1), (8, 1), (9, 1), (16, 1)]|
finest |[(11, 1)]|
fingerprint |[(13, 1)]|
finit |[(7, 1)]|
fip |[(14, 1), (15, 1), (17, 1), (18, 1)]|
first |[(10, 1), (11, 1), (12, 1), (13, 1)]|
five |[(6, 1)]|
flow |[(10, 1)]|
fluctuat |[(10, 1)]|
focus |[(0, 1), (1, 1), (2, 1), (5, 1), (8, 1)]|
folder |[(10, 1), (11, 1), (12, 1), (13, 1)]|
follow |[(0, 1), (1, 1), (2, 1), (4, 1), (5, 1), (6, 1), (7, 1), (8, 1), (10, 1), (13, 1)]|
fonollosa |[(10, 1)]|
for |[(0, 1), (1, 1), (2, 1), (3, 1), (4, 1), (5, 1), (6, 1), (7, 1), (8, 1), (9, 1), (10, 1), (11, 1), (12, 1), (13, 1), (16, 1)]|
forc |[(12, 1)]|
forg |[(3, 1), (4, 1), (5, 1), (6, 1), (7, 1), (8, 1), (9, 1)]|
formal |[(3, 1), (4, 1), (5, 1), (7, 1), (8, 1)]|
found |[(10, 1), (16, 1)]|
four |[(10, 1), (11, 1)]|
four1 |[(18, 1)]|
four11 |[(18, 1)]|
four2 |[(18, 1)]|
four3 |[(18, 1)]|
four4 |[(18, 1)]|
four5 |[(18, 1)]|
four6 |[(18, 1)]|
four7 |[(18, 1)]|
four8 |[(18, 1)]|
four9 |[(18, 1)]|
framework |[(9, 1)]|
frank |[(12, 1)]|
free |[(6, 1)]|
from |[(0, 1), (1, 1), (2, 1), (3, 1), (4, 1), (5, 1), (6, 1), (8, 1), (10, 1), (11, 1), (12, 1), (13, 1), (16, 1)]|
frontpag |[(11, 1)]|
fu |[(16, 1)]|
function |[(7, 1), (12, 1)]|
further |[(9, 1)]|
fusion |[(0, 1), (1, 1), (2, 1)]|
futur |[(0, 1), (1, 1), (2, 1)]|
fã¼r |[(12, 1)]|
g |[(13, 1)]|
ga |[(10, 1)]|
gabe |[(6, 1), (9, 1)]|
gabor |[(4, 1), (5, 1), (6, 1), (7, 1), (8, 1)]|
galkowski |[(0, 1), (1, 1), (2, 1)]|
gc |[(10, 1)]|
gcm |[(10, 1)]|
gener |[(0, 1), (1, 1), (2, 1), (5, 1), (6, 1), (7, 1), (8, 1), (9, 1), (10, 1), (12, 1)]|
genera |[(13, 1)]|
genu |[(13, 1)]|
german |[(16, 1)]|
get |[(0, 1), (1, 1), (2, 1), (6, 1), (10, 1)]|
giannella |[(16, 1)]|
gmail |[(0, 1), (1, 1), (2, 1)]|
gme |[(5, 1), (8, 1), (9, 1)]|
got |[(0, 1), (1, 1), (2, 1)]|
govindaraju |[(0, 1), (1, 1), (2, 1)]|
gram |[(13, 1)]|
graph |[(4, 1), (6, 1)]|
graphic |[(0, 1), (1, 1), (2, 1)]|
group |[(3, 1), (16, 1)]|
grown |[(13, 1)]|
guard |[(6, 1)]|
guerrero |[(0, 1), (1, 1), (2, 1)]|
guez |[(10, 1)]|
guy |[(0, 1), (1, 1), (2, 1)]|
h |[(10, 1), (13, 1)]|
ha |[(0, 1), (1, 1), (2, 1), (3, 1), (5, 1), (6, 1), (8, 1), (12, 1), (16, 1)]|
hack |[(0, 1), (1, 1), (2, 1)]|
hackathon |[(0, 1), (1, 1), (2, 1)]|
had |[(10, 1)]|
happen |[(0, 1), (1, 1), (2, 1)]|
hard |[(5, 1), (8, 1), (13, 1)]|
harvest |[(16, 1)]|
have |[(0, 1), (1, 1), (2, 1), (5, 1), (6, 1), (8, 1), (9, 1), (13, 1)]|
he |[(0, 1), (1, 1), (2, 1)]|
head |[(16, 1)]|
health |[(11, 1)]|
heater |[(10, 1)]|
heckerma |[(11, 1)]|
heckerman |[(11, 1)]|
helicopt |[(9, 1)]|
henc |[(10, 1), (11, 1)]|
here |[(0, 1), (1, 1), (2, 1), (3, 1)]|
hero |[(0, 1), (1, 1), (2, 1)]|
hi |[(0, 1), (1, 1), (2, 1)]|
high |[(10, 1)]|
histogram |[(16, 1)]|
historian |[(0, 1), (1, 1), (2, 1)]|
hit |[(10, 1), (11, 1), (12, 1), (13, 1)]|
hoffmann |[(12, 1)]|
hold |[(0, 1), (1, 1), (2, 1)]|
home |[(0, 1), (1, 1), (2, 1), (3, 1), (4, 1), (5, 1), (6, 1), (7, 1), (8, 1), (9, 1)]|
hors |[(17, 1)]|
host |[(3, 1), (5, 1), (8, 1)]|
hour |[(11, 1), (13, 1)]|
hous |[(0, 1), (1, 1), (2, 1)]|
household |[(16, 1)]|
how |[(5, 1), (6, 1), (7, 1), (8, 1)]|
howev |[(6, 1), (7, 1)]|
hresp |[(7, 1)]|
hrsg |[(12, 1)]|
hs |[(12, 1)]|
hsplitx |[(7, 1)]|
http |[(5, 1), (8, 1), (9, 1)]|
huerta |[(10, 1)]|
humid |[(10, 1)]|
hãœllermeier |[(12, 1)]|
i |[(0, 1), (1, 1), (2, 1), (11, 1), (13, 1)]|
ic |[(0, 1), (1, 1), (2, 1), (5, 1), (8, 1), (14, 1), (15, 1), (17, 1), (18, 1)]|
ic1 |[(16, 1)]|
identif |[(13, 1)]|
identifi |[(10, 1)]|
ieee |[(4, 1), (6, 1)]|
if |[(3, 1), (4, 1), (5, 1), (6, 1), (8, 1), (9, 1), (10, 1), (13, 1), (16, 1)]|
ihler |[(0, 1), (1, 1), (2, 1)]|
ii |[(11, 1)]|
illustr |[(6, 1)]|
imag |[(0, 1), (1, 1), (2, 1)]|
imf |[(12, 1)]|
implement |[(7, 1)]|
in |[(0, 1), (1, 1), (2, 1), (4, 1), (5, 1), (6, 1), (7, 1), (8, 1), (10, 1), (11, 1), (12, 1), (13, 1), (16, 1)]|
incbu |[(16, 1)]|
incfarm |[(16, 1)]|
includ |[(0, 1), (1, 1), (2, 1), (9, 1), (10, 1)]|
incom |[(16, 1)]|
incorrect |[(7, 1)]|
independ |[(10, 1)]|
index |[(14, 1), (15, 1), (17, 1), (18, 1)]|
indiana |[(16, 1)]|
indic |[(10, 1)]|
industri |[(0, 1), (1, 1), (2, 1)]|
infer |[(0, 1), (1, 1), (2, 1)]|
info |[(16, 1)]|
infom |[(0, 1), (1, 1), (2, 1)]|
inform |[(0, 1), (1, 1), (2, 1), (5, 1), (8, 1), (10, 1), (11, 1), (12, 1), (13, 1), (16, 1)]|
informatik |[(12, 1)]|
inhibitori |[(10, 1)]|
initi |[(10, 1)]|
instanc |[(10, 1), (11, 1), (12, 1), (13, 1)]|
instead |[(10, 1)]|
institut |[(10, 1), (12, 1)]|
intact |[(12, 1)]|
integ |[(11, 1)]|
intellig |[(0, 1), (1, 1), (2, 1), (10, 1), (11, 1), (12, 1), (13, 1), (16, 1)]|
interest |[(6, 1)]|
intern |[(4, 1), (6, 1)]|
internet |[(11, 1)]|
into |[(12, 1), (16, 1)]|
intrins |[(12, 1)]|
introduc |[(10, 1)]|
introduct |[(5, 1), (8, 1)]|
invit |[(4, 1), (6, 1)]|
involv |[(13, 1)]|
ipum |[(16, 1)]|
ipums25 |[(16, 1)]|
ipums51 |[(16, 1)]|
ipums52 |[(16, 1)]|
iren |[(10, 1)]|
irresolv |[(7, 1)]|
irrodriguezlujan |[(10, 1)]|
irvin |[(0, 1), (1, 1), (2, 1), (3, 1), (5, 1), (8, 1)]|
is |[(0, 1), (1, 1), (2, 1), (3, 1), (4, 1), (5, 1), (6, 1), (7, 1), (8, 1), (9, 1), (10, 1), (11, 1), (16, 1)]|
isi |[(3, 1), (4, 1), (9, 1)]|
issu |[(4, 1), (6, 1)]|
it |[(0, 1), (1, 1), (2, 1), (5, 1), (6, 1), (7, 1), (8, 1), (10, 1), (16, 1)]|
itr |[(4, 1)]|
iz |[(0, 1), (1, 1), (2, 1)]|
j |[(13, 1), (16, 1)]|
jano |[(4, 1)]|
jason |[(0, 1), (1, 1), (2, 1)]|
jaykay |[(3, 1)]|
jean |[(13, 1)]|
jeffrey |[(16, 1)]|
jona |[(10, 1)]|
jordi |[(10, 1)]|
journal |[(4, 1), (11, 1)]|
jpeg |[(7, 1)]|
juli |[(4, 1), (6, 1)]|
kahn |[(0, 1), (1, 1), (2, 1)]|
karlsruh |[(12, 1)]|
karsai |[(4, 1)]|
kash |[(0, 1), (1, 1), (2, 1)]|
ke |[(16, 1)]|
kept |[(10, 1)]|
key |[(5, 1), (8, 1)]|
kit |[(12, 1)]|
know |[(0, 1), (1, 1), (2, 1), (16, 1)]|
knowl |[(16, 1)]|
knowledg |[(11, 1), (16, 1)]|
known |[(13, 1)]|
kohkiloyeh |[(15, 1)]|
kohm |[(10, 1)]|
kumar |[(0, 1), (1, 1), (2, 1)]|
kurtosi |[(12, 1)]|
l |[(10, 1)]|
la |[(16, 1)]|
label |[(10, 1), (13, 1)]|
laird |[(0, 1), (1, 1), (2, 1)]|
languag |[(0, 1), (1, 1), (2, 1), (3, 1), (4, 1), (5, 1), (6, 1), (7, 1), (8, 1), (9, 1)]|
larg |[(5, 1), (8, 1), (9, 1)]|
last |[(10, 1)]|
later |[(0, 1), (1, 1), (2, 1)]|
latest |[(0, 1), (1, 1), (2, 1)]|
lead |[(0, 1), (1, 1), (2, 1), (5, 1), (8, 1), (13, 1)]|
learn |[(0, 1), (1, 1), (2, 1), (10, 1), (11, 1), (12, 1), (13, 1), (14, 1), (15, 1), (16, 1), (17, 1), (18, 1)]|
leav |[(0, 1), (1, 1), (2, 1), (13, 1)]|
left |[(7, 1)]|
level |[(10, 1), (11, 1)]|
life |[(13, 1)]|
like |[(0, 1), (1, 1), (2, 1)]|
link |[(0, 1), (1, 1), (2, 1), (3, 1), (4, 1), (5, 1), (6, 1), (7, 1), (8, 1), (9, 1), (11, 1)]|
lipp |[(12, 1)]|
lisbon |[(4, 1)]|
lisp |[(18, 1)]|
list |[(7, 1)]|
live |[(11, 1)]|
load |[(12, 1)]|
local |[(6, 1), (10, 1), (11, 1)]|
locat |[(10, 1)]|
log |[(11, 1)]|
lohweg |[(12, 1)]|
long |[(16, 1)]|
low |[(10, 1)]|
lui |[(5, 1), (7, 1), (8, 1)]|
lujan |[(10, 1)]|
luu |[(0, 1), (1, 1), (2, 1)]|
m |[(10, 1)]|
machin |[(0, 1), (1, 1), (2, 1), (7, 1), (10, 1), (11, 1), (12, 1), (13, 1), (14, 1), (15, 1), (16, 1), (17, 1), (18, 1)]|
made |[(10, 1)]|
madhumitha |[(0, 1), (1, 1), (2, 1)]|
madl |[(4, 1), (5, 1), (6, 1), (7, 1), (8, 1)]|
mahe |[(13, 1)]|
mahiqu |[(10, 1)]|
mahé |[(13, 1)]|
mailman |[(0, 1), (1, 1), (2, 1)]|
maintain |[(0, 1), (1, 1), (2, 1)]|
maldi |[(13, 1)]|
marco |[(10, 1)]|
market |[(0, 1), (1, 1), (2, 1)]|
martyna |[(12, 1)]|
mass |[(10, 1), (13, 1)]|
master |[(0, 1), (1, 1), (2, 1), (7, 1)]|
materi |[(3, 1), (4, 1), (5, 1), (6, 1), (7, 1), (8, 1), (9, 1)]|
mathew |[(0, 1), (1, 1), (2, 1)]|
may |[(4, 1), (5, 1), (7, 1), (8, 1)]|
mdd |[(5, 1), (8, 1)]|
me |[(6, 1), (9, 1), (10, 1)]|
mean |[(10, 1), (12, 1)]|
measur |[(6, 1), (10, 1), (12, 1)]|
mechan |[(11, 1)]|
median |[(16, 1)]|
medium |[(10, 1)]|
meek |[(11, 1)]|
meet |[(0, 1), (1, 1), (2, 1)]|
mention |[(7, 1)]|
mentor |[(0, 1), (1, 1), (2, 1)]|
meta |[(5, 1), (8, 1)]|
methan |[(10, 1)]|
method |[(0, 1), (1, 1), (2, 1), (4, 1), (5, 1), (6, 1), (8, 1), (9, 1), (16, 1)]|
michael |[(0, 1), (1, 1), (2, 1), (16, 1)]|
microbi |[(13, 1)]|
micromass |[(13, 1)]|
microorgan |[(13, 1)]|
microsoft |[(11, 1)]|
middlewar |[(3, 1), (6, 1)]|
min |[(16, 1)]|
mine |[(0, 1), (1, 1), (2, 1), (11, 1), (16, 1)]|
minim |[(10, 1)]|
misc |[(11, 1)]|
miss |[(10, 1), (11, 1), (12, 1), (13, 1)]|
mix |[(10, 1), (13, 1)]|
mixtur |[(10, 1), (13, 1)]|
ml |[(14, 1), (15, 1), (17, 1), (18, 1)]|
mock |[(13, 1)]|
mod_perl |[(14, 1), (15, 1), (17, 1), (18, 1)]|
mode |[(12, 1)]|
model |[(0, 1), (1, 1), (2, 1), (3, 1), (4, 1), (5, 1), (6, 1), (7, 1), (8, 1), (9, 1), (11, 1)]|
moment |[(12, 1)]|
monday |[(0, 1), (1, 1), (2, 1)]|
monish |[(0, 1), (1, 1), (2, 1)]|
monoxid |[(10, 1)]|
more |[(6, 1)]|
most |[(16, 1)]|
motiv |[(5, 1), (8, 1)]|
motor |[(12, 1)]|
mox |[(10, 1)]|
mpsoc |[(5, 1), (7, 1), (8, 1)]|
ms |[(10, 1)]|
msn |[(11, 1)]|
msnbc |[(11, 1)]|
multiprocessor |[(6, 1)]|
multivari |[(10, 1), (12, 1), (13, 1)]|
mushroom |[(16, 1)]|
my |[(0, 1), (1, 1), (2, 1)]|
mã |[(12, 1)]|
n |[(10, 1), (11, 1), (12, 1), (13, 1)]|
name |[(17, 1)]|
natur |[(0, 1), (1, 1), (2, 1), (7, 1), (10, 1)]|
nav_display |[(6, 1)]|
navig |[(0, 1), (1, 1), (2, 1), (11, 1)]|
necessarili |[(6, 1)]|
need |[(7, 1), (9, 1), (16, 1)]|
neg |[(13, 1)]|
net |[(5, 1), (8, 1), (9, 1)]|
network |[(0, 1), (1, 1), (2, 1)]|
new |[(12, 1)]|
news |[(5, 1), (8, 1), (11, 1)]|
nikil |[(3, 1), (4, 1), (5, 1), (7, 1), (8, 1)]|
nikolai |[(10, 1)]|
nk |[(12, 1)]|
no |[(10, 1), (13, 1), (16, 1)]|
noisyoffic |[(14, 1)]|
non |[(6, 1), (16, 1)]|
nonprofit |[(0, 1), (1, 1), (2, 1)]|
nor |[(7, 1)]|
not |[(4, 1), (5, 1), (6, 1), (7, 1), (8, 1), (10, 1), (11, 1)]|
note |[(10, 1)]|
novemb |[(4, 1)]|
number |[(4, 1), (6, 1), (10, 1), (11, 1), (12, 1), (13, 1)]|
nusmv |[(5, 1), (7, 1), (8, 1)]|
observ |[(10, 1)]|
obtain |[(13, 1)]|
oc |[(10, 1)]|
of |[(0, 1), (1, 1), (2, 1), (3, 1), (4, 1), (5, 1), (6, 1), (7, 1), (8, 1), (10, 1), (11, 1), (12, 1), (13, 1), (14, 1), (15, 1), (16, 1), (17, 1), (18, 1)]|
often |[(6, 1)]|
olaf |[(12, 1)]|
omkar |[(0, 1), (1, 1), (2, 1)]|
on |[(0, 1), (1, 1), (2, 1), (3, 1), (4, 1), (5, 1), (6, 1), (7, 1), (8, 1), (9, 1), (10, 1), (11, 1), (12, 1), (13, 1), (16, 1)]|
onc |[(11, 1)]|
one |[(0, 1), (1, 1), (2, 1), (6, 1)]|
onli |[(0, 1), (1, 1), (2, 1), (4, 1), (5, 1), (6, 1), (7, 1), (8, 1), (10, 1)]|
open |[(3, 1), (4, 1), (5, 1), (8, 1), (9, 1), (10, 1)]|
opencv |[(0, 1), (1, 1), (2, 1)]|
openssl |[(14, 1), (15, 1), (17, 1), (18, 1)]|
oper |[(10, 1), (12, 1)]|
opinion |[(11, 1)]|
or |[(6, 1), (9, 1), (10, 1)]|
order |[(10, 1), (11, 1)]|
organ |[(0, 1), (1, 1), (2, 1)]|
origin |[(3, 1), (10, 1), (17, 1)]|
oru |[(10, 1)]|
oscilloscop |[(12, 1)]|
ostwestfalen |[(12, 1)]|
other |[(4, 1), (7, 1), (11, 1)]|
our |[(0, 1), (1, 1), (2, 1), (7, 1), (9, 1)]|
out |[(6, 1)]|
outlet |[(10, 1)]|
output |[(7, 1)]|
over |[(0, 1), (1, 1), (2, 1)]|
overcom |[(7, 1)]|
owl |[(12, 1)]|
own |[(4, 1)]|
owner |[(12, 1)]|
p |[(11, 1)]|
pacif |[(11, 1)]|
page |[(4, 1), (6, 1), (7, 1), (11, 1), (16, 1)]|
pair |[(13, 1)]|
pallet |[(0, 1), (1, 1), (2, 1)]|
panel |[(13, 1)]|
paper |[(4, 1), (5, 1), (6, 1), (7, 1), (8, 1), (10, 1), (11, 1), (12, 1), (13, 1), (16, 1)]|
paradigm |[(5, 1), (8, 1)]|
parent |[(14, 1), (15, 1), (17, 1), (18, 1)]|
part |[(5, 1), (8, 1)]|
paschk |[(12, 1)]|
pasricha |[(5, 1), (7, 1), (8, 1)]|
past |[(0, 1), (1, 1), (2, 1)]|
pathak |[(0, 1), (1, 1), (2, 1)]|
pattern |[(0, 1), (1, 1), (2, 1), (11, 1)]|
pazzani |[(16, 1)]|
per |[(11, 1)]|
perform |[(4, 1), (5, 1), (7, 1), (8, 1), (10, 1)]|
period |[(11, 1)]|
perl |[(14, 1), (15, 1), (17, 1), (18, 1)]|
person |[(4, 1), (5, 1), (7, 1), (8, 1)]|
pfour |[(18, 1)]|
phase |[(12, 1)]|
phusion_passeng |[(14, 1), (15, 1), (17, 1), (18, 1)]|
pick |[(13, 1)]|
piec |[(5, 1), (8, 1)]|
pierr |[(13, 1)]|
pixel |[(7, 1)]|
plan |[(5, 1), (8, 1)]|
plate |[(13, 1)]|
platform |[(4, 1), (6, 1), (10, 1)]|
pleas |[(9, 1), (12, 1), (13, 1)]|
plume |[(10, 1)]|
pointer |[(3, 1)]|
polici |[(6, 1), (10, 1), (11, 1), (12, 1), (13, 1), (16, 1)]|
pooja |[(0, 1), (1, 1), (2, 1)]|
port |[(14, 1), (15, 1), (17, 1), (18, 1)]|
portion |[(11, 1), (13, 1)]|
portug |[(4, 1)]|
posit |[(10, 1), (13, 1)]|
poster |[(4, 1)]|
power |[(4, 1)]|
pp |[(4, 1)]|
ppm |[(10, 1)]|
preemptiv |[(4, 1), (6, 1)]|
present |[(0, 1), (1, 1), (2, 1), (4, 1), (10, 1), (11, 1)]|
presid |[(0, 1), (1, 1), (2, 1)]|
previou |[(10, 1)]|
probabl |[(16, 1)]|
probe |[(12, 1)]|
problem |[(7, 1)]|
proceed |[(4, 1), (5, 1), (7, 1), (8, 1), (12, 1)]|
process |[(0, 1), (1, 1), (2, 1)]|
processor |[(6, 1)]|
prodigi |[(18, 1)]|
profession |[(0, 1), (1, 1), (2, 1)]|
professor |[(0, 1), (1, 1), (2, 1)]|
profil |[(0, 1), (1, 1), (2, 1)]|
project |[(0, 1), (1, 1), (2, 1), (3, 1), (5, 1), (8, 1), (9, 1)]|
promot |[(0, 1), (1, 1), (2, 1)]|
prone |[(7, 1)]|
properti |[(4, 1), (5, 1), (6, 1), (8, 1)]|
propos |[(6, 1), (16, 1)]|
protocol |[(7, 1), (10, 1)]|
provid |[(4, 1), (5, 1), (6, 1), (7, 1), (8, 1), (10, 1), (13, 1)]|
proxim |[(13, 1)]|
pscb |[(0, 1), (1, 1), (2, 1)]|
pt |[(0, 1), (1, 1), (2, 1)]|
public |[(3, 1), (4, 1), (5, 1), (6, 1), (7, 1), (8, 1), (9, 1)]|
publish |[(3, 1), (4, 1), (5, 1), (6, 1), (7, 1), (8, 1), (9, 1), (12, 1)]|
pure |[(13, 1)]|
purpos |[(13, 1)]|
q |[(0, 1), (1, 1), (2, 1)]|
qiang |[(5, 1), (7, 1), (8, 1)]|
qo |[(5, 1), (8, 1)]|
quantiz |[(16, 1)]|
question |[(6, 1), (9, 1)]|
ramadoss |[(0, 1), (1, 1), (2, 1)]|
ramon |[(10, 1)]|
random |[(5, 1), (8, 1), (10, 1)]|
rate |[(6, 1), (10, 1)]|
rather |[(7, 1), (11, 1)]|
ratio |[(13, 1)]|
raw |[(10, 1)]|
re |[(0, 1), (1, 1), (2, 1), (12, 1)]|
read |[(10, 1)]|
real |[(3, 1), (4, 1), (5, 1), (6, 1), (7, 1), (8, 1), (9, 1), (10, 1), (12, 1), (13, 1)]|
realist |[(10, 1)]|
recent |[(9, 1)]|
record |[(11, 1)]|
recoveri |[(10, 1)]|
red |[(5, 1), (8, 1)]|
refer |[(5, 1), (8, 1), (12, 1), (13, 1)]|
regard |[(6, 1), (9, 1)]|
regress |[(10, 1)]|
rel |[(10, 1)]|
relat |[(3, 1), (4, 1), (5, 1), (8, 1), (10, 1), (11, 1)]|
releas |[(5, 1), (8, 1), (9, 1), (10, 1)]|
relev |[(10, 1), (11, 1), (12, 1), (13, 1)]|
reli |[(7, 1)]|
remot |[(6, 1)]|
repeat |[(10, 1)]|
replic |[(13, 1)]|
report |[(4, 1)]|
repositori |[(10, 1), (11, 1), (12, 1), (13, 1), (16, 1)]|
repres |[(6, 1), (13, 1), (16, 1)]|
reproduc |[(10, 1)]|
request |[(6, 1), (7, 1), (10, 1), (11, 1), (12, 1), (13, 1)]|
requir |[(16, 1)]|
research |[(3, 1)]|
reserv |[(0, 1), (1, 1), (2, 1), (3, 1), (4, 1), (5, 1), (6, 1), (7, 1), (8, 1), (9, 1)]|
residu |[(12, 1)]|
resist |[(10, 1)]|
resolv |[(7, 1)]|
respect |[(6, 1), (16, 1)]|
respons |[(7, 1), (10, 1)]|
result |[(5, 1), (7, 1), (8, 1), (12, 1)]|
retri |[(7, 1)]|
return |[(16, 1)]|
reusabl |[(5, 1), (8, 1)]|
review |[(4, 1)]|
rexa |[(16, 1)]|
rhuerta |[(10, 1)]|
right |[(0, 1), (1, 1), (2, 1), (3, 1), (4, 1), (5, 1), (6, 1), (7, 1), (8, 1), (9, 1)]|
rodriguez |[(10, 1)]|
rodrã |[(10, 1)]|
rosenblatt |[(12, 1)]|
routin |[(13, 1)]|
row |[(11, 1)]|
rs |[(10, 1)]|
rulkov |[(10, 1)]|
run |[(0, 1), (1, 1), (2, 1)]|
s |[(6, 1), (10, 1), (11, 1), (12, 1)]|
safe |[(6, 1)]|
same |[(7, 1), (13, 1)]|
samo |[(4, 1)]|
sampl |[(10, 1), (13, 1)]|
san |[(10, 1)]|
satisfi |[(6, 1)]|
satyam |[(0, 1), (1, 1), (2, 1)]|
sayrafi |[(16, 1)]|
scalabl |[(7, 1)]|
scale |[(9, 1)]|
schedul |[(4, 1), (6, 1)]|
schmidt |[(4, 1), (6, 1)]|
school |[(5, 1), (8, 1)]|
schriftenreih |[(12, 1)]|
scienc |[(5, 1), (8, 1), (12, 1), (16, 1)]|
scientif |[(12, 1)]|
sdm |[(16, 1)]|
se |[(10, 1)]|
second |[(10, 1), (11, 1)]|
secretari |[(0, 1), (1, 1), (2, 1)]|
section |[(6, 1)]|
see |[(5, 1), (8, 1), (10, 1), (11, 1)]|
seen |[(6, 1)]|
select |[(10, 1), (16, 1)]|
semant |[(5, 1), (6, 1), (8, 1)]|
seminar |[(0, 1), (1, 1), (2, 1)]|
sensit |[(10, 1)]|
sensor |[(0, 1), (1, 1), (2, 1), (10, 1)]|
sensorless |[(12, 1)]|
sensorlos |[(12, 1)]|
septemb |[(11, 1)]|
sequenc |[(11, 1), (12, 1)]|
sequenti |[(11, 1)]|
seri |[(10, 1)]|
serv |[(6, 1), (11, 1)]|
server |[(11, 1), (14, 1), (15, 1), (17, 1), (18, 1)]|
servic |[(5, 1), (8, 1), (11, 1)]|
session |[(0, 1), (1, 1), (2, 1)]|
set |[(10, 1), (11, 1), (12, 1), (13, 1), (16, 1)]|
setup |[(10, 1)]|
sever |[(5, 1), (8, 1), (12, 1), (13, 1)]|
shape |[(0, 1), (1, 1), (2, 1)]|
sherif |[(4, 1), (6, 1)]|
shift |[(5, 1), (8, 1)]|
shivan |[(0, 1), (1, 1), (2, 1)]|
shiyu |[(16, 1)]|
show |[(5, 1), (6, 1), (7, 1), (8, 1)]|
shown |[(5, 1), (6, 1), (7, 1), (8, 1), (16, 1)]|
signal |[(12, 1)]|
simpl |[(7, 1)]|
simul |[(4, 1), (5, 1), (8, 1)]|
simultan |[(7, 1)]|
sinc |[(6, 1)]|
singl |[(11, 1), (16, 1)]|
site |[(11, 1)]|
situat |[(7, 1)]|
skew |[(12, 1)]|
slave |[(7, 1)]|
slide |[(13, 1)]|
slower |[(16, 1)]|
small |[(9, 1)]|
smv |[(7, 1)]|
smyth |[(11, 1)]|
solut |[(5, 1), (8, 1)]|
some |[(0, 1), (1, 1), (2, 1), (3, 1)]|
sorri |[(0, 1), (1, 1), (2, 1)]|
sourc |[(3, 1), (4, 1), (5, 1), (7, 1), (8, 1), (9, 1), (10, 1), (11, 1), (12, 1), (13, 1)]|
source1 |[(10, 1)]|
source2 |[(10, 1)]|
sourceforg |[(5, 1), (8, 1), (9, 1)]|
space |[(0, 1), (1, 1), (2, 1), (5, 1), (8, 1)]|
spam |[(0, 1), (1, 1), (2, 1)]|
spatio |[(10, 1)]|
speci |[(13, 1)]|
special |[(4, 1), (6, 1), (7, 1), (13, 1), (16, 1)]|
specif |[(4, 1), (5, 1), (7, 1), (8, 1)]|
specifi |[(5, 1), (8, 1), (10, 1)]|
spectra |[(13, 1)]|
spectrometri |[(10, 1), (13, 1)]|
spectrum |[(13, 1)]|
speed |[(12, 1)]|
sport |[(11, 1)]|
spot |[(13, 1)]|
standard |[(11, 1), (12, 1), (13, 1)]|
start |[(10, 1), (11, 1)]|
state |[(5, 1), (7, 1), (8, 1)]|
statist |[(0, 1), (1, 1), (2, 1), (12, 1)]|
stephen |[(16, 1)]|
still |[(7, 1), (16, 1)]|
stimuli |[(10, 1)]|
strain |[(13, 1)]|
strategi |[(13, 1)]|
stroke |[(6, 1), (9, 1)]|
stucco |[(16, 1)]|
student |[(0, 1), (1, 1), (2, 1)]|
studi |[(6, 1), (9, 1)]|
style |[(0, 1), (1, 1), (2, 1)]|
stylegan |[(0, 1), (1, 1), (2, 1)]|
sub |[(12, 1)]|
submiss |[(4, 1)]|
submit |[(13, 1)]|
such |[(5, 1), (8, 1), (16, 1)]|
sudeep |[(5, 1), (7, 1), (8, 1)]|
summari |[(11, 1)]|
supervis |[(3, 1)]|
support |[(5, 1), (8, 1), (10, 1), (11, 1), (12, 1), (13, 1), (16, 1)]|
suppos |[(16, 1)]|
svn |[(14, 1), (15, 1), (17, 1), (18, 1)]|
symposium |[(4, 1), (6, 1)]|
synchronmotoren |[(12, 1)]|
syntax |[(5, 1), (8, 1)]|
system |[(3, 1), (4, 1), (5, 1), (6, 1), (7, 1), (8, 1), (9, 1), (10, 1), (11, 1), (12, 1), (13, 1), (16, 1)]|
szemethi |[(4, 1)]|
sztipanovit |[(4, 1)]|
t |[(0, 1), (1, 1), (2, 1)]|
tandon |[(0, 1), (1, 1), (2, 1)]|
target |[(16, 1)]|
task |[(6, 1), (10, 1), (11, 1), (12, 1), (13, 1)]|
taxonom |[(13, 1)]|
team |[(0, 1), (1, 1), (2, 1)]|
tech |[(11, 1)]|
technic |[(4, 1)]|
techniqu |[(0, 1), (1, 1), (2, 1)]|
technolog |[(0, 1), (1, 1), (2, 1)]|
technologi |[(12, 1)]|
temperatur |[(10, 1)]|
tempor |[(10, 1)]|
test |[(10, 1), (17, 1)]|
text |[(10, 1)]|
textual |[(5, 1), (8, 1)]|
tgs2600 |[(10, 1)]|
tgs2602 |[(10, 1)]|
tgs2610 |[(10, 1)]|
tgs2611 |[(10, 1)]|
tgs2612 |[(10, 1)]|
tgs2620 |[(10, 1)]|
than |[(6, 1), (7, 1), (16, 1)]|
thank |[(0, 1), (1, 1), (2, 1), (11, 1)]|
that |[(0, 1), (1, 1), (2, 1), (5, 1), (6, 1), (7, 1), (8, 1), (10, 1), (11, 1), (13, 1), (16, 1)]|
the |[(0, 1), (1, 1), (2, 1), (3, 1), (4, 1), (5, 1), (6, 1), (7, 1), (8, 1), (9, 1), (10, 1), (11, 1), (12, 1), (13, 1), (16, 1)]|
their |[(5, 1), (6, 1), (8, 1), (12, 1)]|
themefish |[(0, 1), (1, 1), (2, 1)]|
themselv |[(7, 1)]|
theoret |[(6, 1), (16, 1)]|
therefor |[(7, 1)]|
these |[(7, 1), (16, 1)]|
they |[(4, 1), (7, 1), (11, 1)]|
thi |[(3, 1), (4, 1), (5, 1), (6, 1), (7, 1), (8, 1), (9, 1), (11, 1), (12, 1), (13, 1), (16, 1)]|
those |[(0, 1), (1, 1), (2, 1)]|
though |[(7, 1)]|
three |[(7, 1), (12, 1), (16, 1)]|
through |[(0, 1), (1, 1), (2, 1)]|
tile |[(7, 1)]|
time |[(0, 1), (1, 1), (2, 1), (3, 1), (4, 1), (5, 1), (6, 1), (7, 1), (8, 1), (9, 1), (10, 1), (11, 1), (12, 1)]|
timer |[(6, 1)]|
tini |[(9, 1)]|
tivadar |[(4, 1)]|
to |[(0, 1), (1, 1), (2, 1), (3, 1), (4, 1), (5, 1), (6, 1), (7, 1), (8, 1), (9, 1), (10, 1), (11, 1), (12, 1), (13, 1), (16, 1)]|
tof |[(13, 1)]|
togeth |[(5, 1), (8, 1)]|
toggl |[(0, 1), (1, 1), (2, 1)]|
too |[(5, 1), (8, 1)]|
tool |[(3, 1), (4, 1), (5, 1), (6, 1), (8, 1), (9, 1)]|
toolset |[(3, 1), (4, 1), (5, 1), (8, 1)]|
total |[(10, 1)]|
touch |[(0, 1), (1, 1), (2, 1)]|
toward |[(10, 1)]|
town |[(0, 1), (1, 1), (2, 1)]|
trace |[(16, 1)]|
tradit |[(10, 1)]|
transfer |[(0, 1), (1, 1), (2, 1)]|
transform |[(4, 1), (6, 1)]|
travel |[(11, 1)]|
treasur |[(0, 1), (1, 1), (2, 1)]|
tri |[(0, 1), (1, 1), (2, 1)]|
trincavelli |[(10, 1)]|
tunnel |[(10, 1)]|
turbul |[(10, 1)]|
tutori |[(4, 1)]|
twenti |[(11, 1)]|
twice |[(11, 1)]|
two |[(7, 1), (10, 1), (12, 1), (13, 1)]|
type |[(13, 1)]|
uc |[(4, 1)]|
uci |[(0, 1), (1, 1), (2, 1), (3, 1), (4, 1), (5, 1), (6, 1), (7, 1), (8, 1), (9, 1), (10, 1), (11, 1), (12, 1), (13, 1), (14, 1), (15, 1), (16, 1), (17, 1), (18, 1)]|
ucsd |[(10, 1)]|
uddeshya |[(0, 1), (1, 1), (2, 1)]|
under |[(3, 1), (16, 1)]|
understand |[(16, 1)]|
uniqu |[(0, 1), (1, 1), (2, 1)]|
unit |[(10, 1)]|
univers |[(0, 1), (1, 1), (2, 1), (3, 1), (5, 1), (8, 1), (10, 1), (12, 1), (16, 1)]|
unmask |[(7, 1)]|
up |[(0, 1), (1, 1), (2, 1), (7, 1), (10, 1), (13, 1)]|
updat |[(0, 1), (1, 1), (2, 1)]|
upon |[(6, 1)]|
uppaal |[(3, 1), (4, 1), (5, 1), (6, 1), (8, 1)]|
url |[(11, 1)]|
us |[(0, 1), (1, 1), (2, 1)]|
usa |[(10, 1)]|
use |[(3, 1), (4, 1), (5, 1), (6, 1), (7, 1), (8, 1), (9, 1), (10, 1), (11, 1), (12, 1), (13, 1)]|
user |[(11, 1)]|
util |[(10, 1)]|
uwe |[(12, 1)]|
v1 |[(4, 1)]|
v5 |[(14, 1), (15, 1), (17, 1), (18, 1)]|
valid |[(10, 1)]|
valu |[(10, 1), (11, 1), (12, 1), (13, 1)]|
vanderbilt |[(3, 1), (9, 1)]|
variabl |[(7, 1)]|
variou |[(13, 1)]|
vector |[(10, 1), (13, 1)]|
vergara |[(10, 1)]|
veri |[(16, 1)]|
verif |[(3, 1), (4, 1), (5, 1), (7, 1), (8, 1), (9, 1)]|
verifi |[(4, 1), (5, 1), (6, 1), (7, 1), (8, 1), (16, 1)]|
verimag |[(3, 1), (4, 1), (5, 1), (8, 1)]|
version |[(7, 1)]|
vervier |[(13, 1)]|
veyriera |[(13, 1)]|
via |[(4, 1), (6, 1), (11, 1)]|
vice |[(0, 1), (1, 1), (2, 1)]|
video |[(0, 1), (1, 1), (2, 1)]|
view |[(10, 1), (11, 1), (12, 1), (13, 1), (16, 1)]|
vipani |[(0, 1), (1, 1), (2, 1)]|
vision |[(0, 1), (1, 1), (2, 1)]|
visit |[(9, 1), (11, 1)]|
visual |[(5, 1), (8, 1), (11, 1)]|
viti |[(11, 1)]|
vitro |[(13, 1)]|
volatil |[(10, 1)]|
volker |[(12, 1)]|
voltag |[(10, 1)]|
volum |[(4, 1), (6, 1)]|
wa |[(10, 1), (12, 1), (13, 1), (16, 1)]|
wai |[(16, 1)]|
wang |[(0, 1), (1, 1), (2, 1), (16, 1)]|
way |[(0, 1), (1, 1), (2, 1), (5, 1), (6, 1), (7, 1), (8, 1)]|
we |[(0, 1), (1, 1), (2, 1), (3, 1), (4, 1), (5, 1), (6, 1), (7, 1), (8, 1), (9, 1), (10, 1), (13, 1), (16, 1)]|
weather |[(11, 1)]|
web |[(0, 1), (1, 1), (2, 1), (10, 1), (11, 1), (12, 1), (13, 1), (16, 1)]|
websit |[(0, 1), (1, 1), (2, 1), (3, 1), (4, 1), (5, 1), (6, 1), (7, 1), (8, 1), (9, 1)]|
weekli |[(0, 1), (1, 1), (2, 1)]|
well |[(7, 1), (9, 1), (16, 1)]|
were |[(5, 1), (7, 1), (8, 1), (10, 1), (11, 1), (12, 1), (13, 1), (16, 1)]|
what |[(0, 1), (1, 1), (2, 1)]|
when |[(6, 1), (10, 1)]|
where |[(10, 1)]|
which |[(5, 1), (6, 1), (8, 1), (10, 1), (13, 1), (16, 1)]|
white |[(11, 1)]|
who |[(0, 1), (1, 1), (2, 1), (11, 1)]|
whole |[(10, 1)]|
wind |[(10, 1)]|
wire |[(7, 1)]|
with |[(0, 1), (1, 1), (2, 1), (3, 1), (4, 1), (5, 1), (6, 1), (7, 1), (8, 1), (10, 1), (11, 1), (12, 1), (13, 1), (16, 1)]|
work |[(0, 1), (1, 1), (2, 1), (7, 1)]|
workflow |[(13, 1)]|
workshop |[(0, 1), (1, 1), (2, 1), (4, 1), (12, 1)]|
world |[(0, 1), (1, 1), (2, 1)]|
worri |[(0, 1), (1, 1), (2, 1)]|
worth |[(10, 1)]|
www |[(9, 1)]|
x |[(10, 1)]|
xlsx |[(15, 1)]|
xu |[(16, 1)]|
year |[(0, 1), (1, 1), (2, 1)]|
you |[(0, 1), (1, 1), (2, 1), (3, 1), (6, 1), (9, 1), (10, 1), (13, 1)]|
your |[(9, 1), (13, 1)]|
youtub |[(0, 1), (1, 1), (2, 1)]|
yu |[(16, 1)]|
z |[(10, 1)]|
zero |[(10, 1), (16, 1)]|
zhang |[(0, 1), (1, 1), (2, 1)]|
zhou |[(16, 1)]|
zhu |[(5, 1), (7, 1), (8, 1)]|
zip |[(9, 1), (14, 1)]|
zustandsã¼berwachung |[(12, 1)]|
â |[(10, 1)]|
